condition,temperature,problem_idx,k,n_correct,n_distinct_text,n_distinct_path,gen_elapsed_seconds
baseline_T1.0,1.0,0,10,10,10,5,24.66337299346924
baseline_T1.0,1.0,1,10,10,10,4,19.980223894119263
baseline_T1.0,1.0,2,10,10,10,10,35.73132014274597
baseline_T1.0,1.0,3,10,10,10,4,19.881466150283813
baseline_T1.0,1.0,4,10,10,10,7,29.982726335525513
baseline_T1.0,1.0,5,10,10,10,10,33.58198809623718
baseline_T1.0,1.0,6,10,10,10,5,22.505367755889893
baseline_T1.0,1.0,7,10,10,10,10,38.93236303329468
baseline_T1.0,1.0,8,10,10,10,10,59.52558183670044
baseline_T1.0,1.0,9,10,10,10,8,29.199230194091797
baseline_T1.0,1.0,10,10,10,10,8,30.68482804298401
baseline_T1.0,1.0,11,10,10,9,3,28.18629503250122
baseline_T1.0,1.0,12,10,5,5,5,42.489234924316406
baseline_T1.0,1.0,13,10,10,10,5,42.573381185531616
baseline_T1.0,1.0,14,10,10,10,9,29.890697956085205
baseline_T1.0,1.0,15,10,10,10,10,34.09493803977966
baseline_T1.0,1.0,16,10,10,10,10,30.52459192276001
baseline_T1.0,1.0,17,10,10,10,7,30.022170066833496
baseline_T1.0,1.0,18,10,10,10,7,22.962958812713623
baseline_T1.0,1.0,19,10,10,10,10,31.737350940704346
baseline_T1.0,1.0,20,10,10,10,6,40.702330112457275
baseline_T1.0,1.0,21,10,10,10,9,22.37218689918518
baseline_T1.0,1.0,22,10,10,10,7,23.57678508758545
baseline_T1.0,1.0,23,10,10,10,8,20.351528882980347
baseline_T1.0,1.0,24,10,10,10,8,29.799758195877075
baseline_T1.5,1.5,0,10,10,10,9,24.822738885879517
baseline_T1.5,1.5,1,10,10,10,8,19.153968811035156
baseline_T1.5,1.5,2,10,10,10,10,34.79340600967407
baseline_T1.5,1.5,3,10,10,10,4,21.990211963653564
baseline_T1.5,1.5,4,10,10,10,8,29.716495752334595
baseline_T1.5,1.5,5,10,10,10,10,40.15526509284973
baseline_T1.5,1.5,6,10,10,10,5,24.312959909439087
baseline_T1.5,1.5,7,10,9,9,9,38.44182515144348
baseline_T1.5,1.5,8,10,10,10,10,41.19084596633911
baseline_T1.5,1.5,9,10,10,10,9,27.343512058258057
baseline_T1.5,1.5,10,10,10,10,9,30.2611780166626
baseline_T1.5,1.5,11,10,10,10,6,29.095158100128177
baseline_T1.5,1.5,12,10,8,8,8,43.34754300117493
baseline_T1.5,1.5,13,10,7,7,7,45.03443026542664
baseline_T1.5,1.5,14,10,10,10,10,32.77744102478027
baseline_T1.5,1.5,15,10,9,9,9,40.10360383987427
baseline_T1.5,1.5,16,10,10,10,10,31.474519729614254
baseline_T1.5,1.5,17,10,10,10,10,33.977710008621216
baseline_T1.5,1.5,18,10,10,10,9,24.816129207611084
baseline_T1.5,1.5,19,10,10,10,10,37.14480471611023
baseline_T1.5,1.5,20,10,10,10,10,38.88954186439514
baseline_T1.5,1.5,21,10,10,10,9,20.630460023880005
baseline_T1.5,1.5,22,10,10,10,7,25.27034068107605
baseline_T1.5,1.5,23,10,9,9,8,30.61302709579468
baseline_T1.5,1.5,24,10,10,10,6,26.438780784606937
trained_T1.0,1.0,0,10,10,10,10,68.26383996009827
trained_T1.0,1.0,1,10,10,10,8,81.63561701774597
trained_T1.0,1.0,2,10,10,10,9,86.29926705360413
trained_T1.0,1.0,3,10,10,10,7,35.67391324043274
trained_T1.0,1.0,4,10,10,10,7,33.61129117012024
trained_T1.0,1.0,5,10,10,10,10,39.90347599983215
trained_T1.0,1.0,6,10,10,10,6,70.97134709358215
trained_T1.0,1.0,7,10,10,10,10,65.11619019508362
trained_T1.0,1.0,8,10,10,10,10,65.70740103721619
trained_T1.0,1.0,9,10,10,10,9,67.74820709228516
trained_T1.0,1.0,10,10,10,10,10,80.41109895706177
trained_T1.0,1.0,11,10,10,10,5,60.842535972595215
trained_T1.0,1.0,12,10,7,7,7,96.4794580936432
trained_T1.0,1.0,13,10,8,8,7,48.30488610267639
trained_T1.0,1.0,14,10,10,10,7,33.40844011306763
trained_T1.0,1.0,15,10,10,10,10,36.57780694961548
trained_T1.0,1.0,16,10,10,10,10,31.82835292816162
trained_T1.0,1.0,17,10,10,10,6,33.998555183410645
trained_T1.0,1.0,18,10,10,10,9,29.620594263076782
trained_T1.0,1.0,19,10,10,10,10,35.5843939781189
trained_T1.0,1.0,20,10,10,10,8,44.231587171554565
trained_T1.0,1.0,21,10,10,10,9,25.515032291412354
trained_T1.0,1.0,22,10,10,10,9,26.21831703186035
trained_T1.0,1.0,23,10,10,10,10,28.291170120239254
trained_T1.0,1.0,24,10,10,10,8,30.46439790725708
trained_T1.5,1.5,0,10,10,10,10,54.361971855163574
trained_T1.5,1.5,1,10,10,10,8,67.21080207824707
trained_T1.5,1.5,2,10,9,9,9,77.92867398262024
trained_T1.5,1.5,3,10,10,10,8,70.71059989929199
trained_T1.5,1.5,4,10,10,10,9,72.2230818271637
trained_T1.5,1.5,5,10,10,10,10,81.3752167224884
trained_T1.5,1.5,6,10,10,10,8,29.98264002799988
trained_T1.5,1.5,7,10,6,6,6,47.99846601486206
trained_T1.5,1.5,8,10,10,10,10,67.79135203361511
trained_T1.5,1.5,9,10,10,10,9,71.47875595092773
trained_T1.5,1.5,10,10,10,10,10,82.85961079597473
trained_T1.5,1.5,11,10,10,10,5,65.87146711349487
trained_T1.5,1.5,12,10,3,3,3,96.31406116485596
trained_T1.5,1.5,13,10,10,10,9,84.23521995544434
trained_T1.5,1.5,14,10,10,10,10,56.93255782127381
trained_T1.5,1.5,15,10,10,10,10,81.75974678993225
trained_T1.5,1.5,16,10,10,10,10,66.96435713768005
trained_T1.5,1.5,17,10,9,9,9,67.64201807975769
trained_T1.5,1.5,18,10,9,9,8,82.37537503242493
trained_T1.5,1.5,19,10,10,10,10,42.94075274467468
trained_T1.5,1.5,20,10,9,9,9,49.99199295043945
trained_T1.5,1.5,21,10,10,10,10,58.6927547454834
trained_T1.5,1.5,22,10,10,10,9,38.791906118392944
trained_T1.5,1.5,23,10,10,10,9,37.57202625274658
trained_T1.5,1.5,24,10,10,10,10,36.58322596549988
